,fill_zero_RMSE,fill_mean_RMSE
feature_1~118,3.713985824362978,3.8436825879221805
